Expansion,Released
Fractured in Alterac Valley,2021-12-07
United in Stormwind,2021-08-03
Forged in the Barrens,2021-03-30
Madness at the Darkmoon Faire,2020-11-17
Scholomance Academy ,2020-08-06
Ashes of Outland,2020-04-07
Descent of Dragons,2019-12-10
Saviors of Uldum,2019-08-06
Rise of Shadows,2019-04-09
Rastakhan's Rumble,2018-12-04
The Boomsday Project,2018-08-07
The Witchwood,2018-04-12
Kobolds and Catacombs,2017-12-07
Knights of the Frozen Throne,2017-08-10
Journey to Un'Goro,2017-04-06
Mean Streets of Gadgetzan,2016-12-01
One Night in Karazhan,2016-08-11
Whispers of the Old Gods,2016-04-26
The League of Explorers,2015-11-12
The Grand Tournament,2015-08-24
Black Rock Mountain,2015-04-02
Goblins vs Gnomes,2014-12-08
Curse of Naxxramas,2014-07-22